qid,question,gold_answer,gold_concepts,hop_type
Q001,"What are the two major parts of a Kubernetes cluster?","A Kubernetes cluster consists of a control plane and one or more worker nodes.","architecture.md",single
Q002,"Which component makes global scheduling decisions for a Kubernetes cluster?","The control plane is responsible for making global scheduling decisions.","architecture.md",single
Q003,"Which Kubernetes component stores all API server data?","etcd is the consistent and highly available key-value store for all API server data.","overview__components.md",single
Q004,"What is the primary responsibility of the kube-scheduler?","The kube-scheduler assigns unscheduled Pods to suitable Nodes.","scheduling-eviction__kube-scheduler.md",single
Q005,"Which component ensures that Pods are running on every node?","The kubelet ensures that Pods and their containers are running on each node.","overview__components.md",single
Q006,"When is kube-proxy not required on a Kubernetes node?","kube-proxy is not required if the network plugin provides equivalent Service packet forwarding functionality.","architecture.md",single
Q007,"Which namespace is typically used for Kubernetes addons?","Cluster addons are typically deployed in the kube-system namespace.","architecture.md",single
Q008,"What is the purpose of the Kubernetes Dashboard addon?","The Dashboard provides a web-based interface for managing and troubleshooting Kubernetes clusters.","architecture.md",single
Q009,"What does the cloud-controller-manager manage?","It runs controllers that integrate Kubernetes with the underlying cloud provider.","architecture__cloud-controller.md",single
Q010,"Which controller in the cloud-controller-manager configures cloud routes?","The Route controller configures routes in the cloud infrastructure.","architecture__cloud-controller.md",single
Q011,"What does the Service controller in cloud-controller-manager configure?","It configures cloud load balancers and related infrastructure for Services.","architecture__cloud-controller.md",single
Q012,"Which Kubernetes object represents the desired state for a controller?","The spec field of a Kubernetes resource represents its desired state.","architecture__controller.md",single
Q013,"What is the role of the Job controller?","The Job controller creates Pods to complete Jobs and updates the Job status when finished.","architecture__controller.md",single
Q014,"What communication pattern does Kubernetes use between nodes and the control plane?","Kubernetes uses a hub-and-spoke API pattern where communication terminates at the API server.","architecture__control-plane-node-communication.md",single
Q015,"Which secure protocol do nodes use to communicate with the API server?","Nodes communicate with the API server over HTTPS.","architecture__control-plane-node-communication.md",single
Q016,"What is the default configuration file searched by kubectl?","kubectl looks for a config file in the $HOME/.kube directory.","overview__kubectl.md",single
Q017,"What command is recommended for declarative Kubernetes resource management?","kubectl apply is recommended for declarative resource management.","overview__kubectl.md",single
Q018,"What unique identifier is guaranteed to be unique across the entire Kubernetes cluster?","The UID is unique across the entire Kubernetes cluster.","overview__working-with-objects__names.md",single
Q019,"Which field allows Kubernetes to generate a resource name automatically?","The generateName field allows the server to generate a resource name.","overview__working-with-objects__names.md",single
Q020,"What field stores owner information for dependent Kubernetes objects?","The metadata.ownerReferences field stores references to the owner object.","overview__working-with-objects__owners-dependents.md",single
Q021,"What Kubernetes mechanism is responsible for cleaning up terminated Pods and completed Jobs?","Garbage Collection is responsible for cleaning up terminated Pods and completed Jobs.","architecture__garbage-collection.md",single
Q022,"What are owner references used for in Kubernetes?","Owner references identify dependent objects so Kubernetes can clean them up when the owner is deleted.","architecture__garbage-collection.md",single
Q023,"What are the two types of cascading deletion supported by Kubernetes?","Foreground cascading deletion and Background cascading deletion.","architecture__garbage-collection.md",single
Q024,"During foreground cascading deletion, what field is added to an object to indicate deletion has begun?","The metadata.deletionTimestamp field is added.","architecture__garbage-collection.md",single
Q025,"How often does the kubelet perform garbage collection for unused container images by default?","Every five minutes.","architecture__garbage-collection.md",single
Q026,"What kubelet configuration field specifies the maximum time an unused image can remain before garbage collection?","imageMaximumGCAge.","architecture__garbage-collection.md",single
Q027,"What is the purpose of Kubernetes finalizers?","Finalizers delay deletion until specific cleanup tasks have been completed.","overview__working-with-objects__finalizers.md",single
Q028,"Which metadata field stores the list of finalizers for a Kubernetes object?","metadata.finalizers.","overview__working-with-objects__finalizers.md",single
Q029,"What HTTP status code does the API server return when a resource with finalizers is marked for deletion?","202 Accepted.","overview__working-with-objects__finalizers.md",single
Q030,"Which built-in finalizer prevents accidental deletion of a PersistentVolume that is still in use?","kubernetes.io/pv-protection.","overview__working-with-objects__finalizers.md",single
Q031,"What is the purpose of RuntimeClass in Kubernetes?","RuntimeClass selects the container runtime configuration used to run a Pod.","containers__runtime-class.md",single
Q032,"Which Pod specification field is used to select a RuntimeClass?","runtimeClassName.","containers__runtime-class.md",single
Q033,"What happens if a Pod references a RuntimeClass that does not exist?","The Pod enters the Failed terminal phase.","containers__runtime-class.md",single
Q034,"What is the primary purpose of a CNI plugin in Kubernetes?","A CNI plugin implements the Kubernetes networking model.","extend-kubernetes__compute-storage-net__network-plugins.md",single
Q035,"Starting with Kubernetes 1.24, which component is no longer responsible for managing CNI plugins?","The kubelet is no longer responsible for managing CNI plugins.","extend-kubernetes__compute-storage-net__network-plugins.md",single
Q036,"Which interface must every Kubernetes container runtime provide for each Pod sandbox?","The loopback interface (lo).","extend-kubernetes__compute-storage-net__network-plugins.md",single
Q037,"What are the four networking problems identified in Kubernetes cluster networking?","Container-to-container, Pod-to-Pod, Pod-to-Service, and External-to-Service communication.","cluster-administration__networking.md",single
Q038,"Which Kubernetes component assigns IP addresses to Services?","The kube-apiserver assigns IP addresses to Services.","cluster-administration__networking.md",single
Q039,"Which IP family configurations are officially supported by Kubernetes clusters?","IPv4-only, IPv6-only, and dual-stack (IPv4/IPv6 or IPv6/IPv4).","cluster-administration__networking.md",single
Q040,"Which Kubernetes feature automatically restarts failed containers according to the restartPolicy?","Kubernetes self-healing.","architecture__self-healing.md",single
Q041,"Which Kubernetes controller is responsible for replacing failed Pods in a Deployment?","The Deployment controller (through ReplicaSets) creates replacement Pods to maintain the desired number of replicas.","architecture__self-healing.md",single
Q042,"Which Kubernetes component restarts failed containers according to restartPolicy?","The kubelet restarts failed containers based on the Pod's restartPolicy.","architecture__self-healing.md",single
Q043,"What happens to a PersistentVolume when a node running its Pod fails?","Kubernetes can reattach the PersistentVolume to a replacement Pod running on another node.","architecture__self-healing.md",single
Q044,"Why does Kubernetes remove failed Pods from a Service's endpoints?","To ensure traffic is routed only to healthy Pods.","architecture__self-healing.md",single
Q045,"What is the primary purpose of cluster-level logging?","To collect and store container logs in a centralized location for searching and analysis.","architecture.md",single
Q046,"Which component is considered the primary interface for managing Kubernetes resources from the command line?","kubectl is the primary command-line interface for managing Kubernetes resources.","overview__kubectl.md",single
Q047,"What command allows users to switch between Kubernetes contexts?","kubectl config use-context.","overview__kubectl.md",single
Q048,"Which Kubernetes resource field uniquely identifies an object across the entire cluster?","The UID field uniquely identifies an object across the cluster.","overview__working-with-objects__names.md",single
Q049,"Why are labels used instead of names when grouping Kubernetes resources?","Labels allow grouping and selection of multiple resources that may not have unique names.","overview__working-with-objects__owners-dependents.md",single
Q050,"What scheduling phases does kube-scheduler perform before binding a Pod to a node?","Filtering followed by Scoring.","scheduling-eviction__kube-scheduler.md",single
Q051,"If a network plugin completely implements Service packet forwarding, which Kubernetes component becomes optional and why?","A network plugin that provides Service packet forwarding eliminates the need to run kube-proxy because it already provides equivalent Service networking behavior.","architecture.md;extend-kubernetes__compute-storage-net__network-plugins.md",multi
Q052,"When kubectl creates a Deployment, which Kubernetes component receives the request first and which datastore ultimately stores the cluster state?","kubectl sends requests to the kube-apiserver, which stores the cluster state in etcd.","overview__kubectl.md;overview__components.md",multi
Q053,"Which component decides where a Pod should run, and which component ensures it actually runs there?","The kube-scheduler selects the node, and the kubelet ensures the Pod is running on that node.","scheduling-eviction__kube-scheduler.md;overview__components.md",multi
Q054,"Which component determines the desired state for a Job, and which controller creates the Pods required to satisfy it?","The Job object defines the desired state, and the Job controller creates the Pods needed to complete the Job.","architecture__controller.md;overview__components.md",multi
Q055,"When a user deletes a PersistentVolume that is still being used by a Pod, which Kubernetes mechanism prevents immediate deletion and why?","The pv-protection finalizer prevents deletion until the volume is no longer in use.","overview__working-with-objects__finalizers.md;overview__working-with-objects__owners-dependents.md",multi
Q056,"Which component assigns IP addresses to Services, and which component forwards traffic to those Services?","The kube-apiserver assigns Service IP addresses, while kube-proxy (or an equivalent network plugin) forwards traffic.","cluster-administration__networking.md;architecture.md",multi
Q057,"How does Kubernetes ensure that Pods continue running after the scheduler assigns them to a node?","The scheduler binds the Pod to a node, and the kubelet continuously monitors and restarts containers if necessary.","scheduling-eviction__kube-scheduler.md;architecture__self-healing.md",multi
Q058,"If a RuntimeClass specifies scheduling constraints, which Kubernetes component enforces those constraints during Pod placement?","The RuntimeClass defines scheduling constraints, and the kube-scheduler enforces them when selecting a node.","containers__runtime-class.md;scheduling-eviction__kube-scheduler.md",multi
Q059,"Which Kubernetes mechanism identifies dependent resources for deletion, and which mechanism can delay that deletion until cleanup is complete?","Owner references identify dependent resources, while finalizers delay deletion until cleanup tasks finish.","overview__working-with-objects__owners-dependents.md;overview__working-with-objects__finalizers.md",multi
Q060,"Which component receives HTTPS requests from nodes, and which credentials are commonly used by kubelets to authenticate?","The kube-apiserver receives the HTTPS requests, and kubelets commonly authenticate using client certificates.","architecture__control-plane-node-communication.md;overview__components.md",multi
Q061,"A Pod is waiting to be scheduled. Which component selects the node, and through which API component is the binding recorded?","The kube-scheduler selects the node, and the kube-apiserver records the binding in the cluster state.","scheduling-eviction__kube-scheduler.md;overview__components.md",multi
Q062,"Which component receives kubectl requests, and where is the resulting cluster state permanently stored?","kubectl sends requests to the kube-apiserver, which persists the cluster state in etcd.","overview__kubectl.md;overview__components.md",multi
Q063,"If a cloud-hosted node becomes unresponsive because the VM was deleted, which controller detects this and what action does it take?","The cloud-controller-manager's Node controller checks the cloud provider API and removes the corresponding Kubernetes Node object if the VM has been deleted.","architecture__cloud-controller.md;architecture.md",multi
Q064,"How does Kubernetes maintain application availability when a Pod in a Deployment fails after it has already been scheduled?","The Deployment controller creates a replacement Pod, and the kube-scheduler assigns the replacement Pod to a suitable node.","architecture__self-healing.md;scheduling-eviction__kube-scheduler.md",multi
Q065,"Which component provides DNS-based Service discovery, and which networking component enables traffic to reach the Service?","The DNS addon provides Service discovery, while kube-proxy or an equivalent network plugin enables Service traffic routing.","architecture.md;extend-kubernetes__compute-storage-net__network-plugins.md",multi
Q066,"A RuntimeClass restricts Pods to certain nodes. Which resource defines the restriction, and which component enforces it?","The RuntimeClass resource defines the scheduling constraints, and kube-scheduler enforces them during scheduling.","containers__runtime-class.md;scheduling-eviction__kube-scheduler.md",multi
Q067,"When kubectl runs inside a Pod instead of on a user's workstation, what authentication method is used and which API component processes the request?","kubectl uses the mounted ServiceAccount token for in-cluster authentication, and the kube-apiserver processes the request.","overview__kubectl.md;architecture__control-plane-node-communication.md",multi
Q068,"If foreground cascading deletion is used, which Kubernetes feature delays deletion until cleanup completes, and what mechanism identifies which dependent objects must be cleaned up?","Finalizers delay deletion until cleanup is complete, while owner references identify the dependent objects.","overview__working-with-objects__finalizers.md;overview__working-with-objects__owners-dependents.md",multi
Q069,"When a Pod becomes unschedulable because no node has sufficient resources, which scheduling phase fails and what happens next?","The filtering phase fails to find any feasible nodes, so the Pod remains unscheduled until resources become available.","scheduling-eviction__kube-scheduler.md;overview__components.md",multi
Q070,"Which Kubernetes mechanism assigns Service IP addresses, and which component exposes those Services on cluster nodes?","The kube-apiserver assigns Service IP addresses, while kube-proxy exposes and routes traffic to those Services.","cluster-administration__networking.md;overview__components.md",multi
Q071,"How does Kubernetes ensure secure communication from a node to the control plane, and which component terminates those API connections?","Nodes communicate over HTTPS using client credentials, and the kube-apiserver terminates the secure API connections.","architecture__control-plane-node-communication.md;overview__components.md",multi
Q072,"When a Job is created using kubectl, which component creates the Job resource and which controller creates the Pods needed to execute it?","kubectl creates the Job through the kube-apiserver, and the Job controller creates the Pods.","overview__kubectl.md;architecture__controller.md",multi
Q073,"If a PersistentVolume is still attached to a running Pod when deletion is requested, what prevents immediate deletion and which relationship helps Kubernetes determine the dependent resources?","The pv-protection finalizer prevents deletion, while owner references identify dependent resources.","overview__working-with-objects__finalizers.md;overview__working-with-objects__owners-dependents.md",multi
Q074,"Which Kubernetes component continuously watches for newly created Pods without assigned nodes, and which node-level component ultimately starts the containers?","The kube-scheduler watches for unscheduled Pods, and the kubelet starts the containers on the assigned node.","scheduling-eviction__kube-scheduler.md;overview__components.md",multi
Q075,"A Service requires a cloud load balancer. Which controller provisions the cloud resource, and which Kubernetes object triggers this action?","The Service controller in the cloud-controller-manager provisions the load balancer when a Service requiring one is created.","architecture__cloud-controller.md;architecture.md",multi
Q076,"Which Kubernetes networking component is mandatory regardless of the CNI plugin because every Pod sandbox requires it?","The container runtime must provide the loopback interface (lo) for every Pod sandbox in addition to the CNI plugin.","extend-kubernetes__compute-storage-net__network-plugins.md;containers__runtime-class.md",multi
Q077,"When a PodGroup uses gang scheduling, which scheduler feature ensures all-or-nothing placement and which resource defines the group?","The GangScheduling scheduler plugin enforces all-or-nothing placement, and the PodGroup resource defines the group.","scheduling-eviction__gang-scheduling.md;scheduling-eviction__podgroup-scheduling.md",multi
Q078,"Which scheduler extension point checks whether the minimum number of Pods has been successfully placed for gang scheduling, and which scheduling policy depends on this check?","The Permit extension point performs the check, and Gang Scheduling depends on it.","scheduling-eviction__gang-scheduling.md;scheduling-eviction__podgroup-scheduling.md",multi
Q079,"How does Kubernetes avoid partial placement of tightly coupled workloads, and which scheduling approach provides this capability?","The scheduler evaluates the PodGroup as a single unit and only binds Pods when the group's scheduling criteria are satisfied.","scheduling-eviction__podgroup-scheduling.md;scheduling-eviction__gang-scheduling.md",multi
Q080,"If additional Pods are added to an already scheduled PodGroup, how does the scheduler evaluate them and what scheduling cycle is used?","The scheduler evaluates the new Pods while accounting for the already scheduled ones using the PodGroup scheduling cycle.","scheduling-eviction__podgroup-scheduling.md;scheduling-eviction__gang-scheduling.md",multi
Q081,"What is the maximum number of containers that a single Kubernetes Pod can contain?","UNANSWERABLE","",unanswerable
Q082,"Which Kubernetes version first introduced the Deployment resource?","UNANSWERABLE","",unanswerable
Q083,"What is the default timeout value for the kube-apiserver when processing requests?","UNANSWERABLE","",unanswerable
Q084,"Which consensus algorithm does etcd internally use to elect a leader?","UNANSWERABLE","",unanswerable
Q085,"What is the maximum size allowed for a ConfigMap object?","UNANSWERABLE","",unanswerable
Q086,"Which Linux kernel version is required to enable all Kubernetes networking features?","UNANSWERABLE","",unanswerable
Q087,"What is the default CPU utilization threshold used by the Horizontal Pod Autoscaler?","UNANSWERABLE","",unanswerable
Q088,"How many Pods can be scheduled on a node by default before Kubernetes refuses additional Pods?","UNANSWERABLE","",unanswerable
Q089,"Which encryption algorithm is used by default for Secret objects stored in etcd?","UNANSWERABLE","",unanswerable
Q090,"What is the default expiration period for ServiceAccount tokens?","UNANSWERABLE","",unanswerable
Q091,"Which cloud provider was the first officially supported by Kubernetes?","UNANSWERABLE","",unanswerable
Q092,"What is the default memory limit assigned to every Pod created in Kubernetes?","UNANSWERABLE","",unanswerable
Q093,"Which built-in scheduler plugin consumes the most CPU time during scheduling?","UNANSWERABLE","",unanswerable
Q094,"What is the maximum number of worker nodes supported in a Kubernetes cluster?","UNANSWERABLE","",unanswerable
Q095,"Which compression algorithm is used by kubelet when transferring container logs?","UNANSWERABLE","",unanswerable
Q096,"Which Kubernetes component exposes the Kubernetes HTTP API?","The kube-apiserver exposes the Kubernetes HTTP API.","overview__components.md",single
Q097,"Which component is responsible for assigning Pods to feasible nodes after filtering and scoring?","The kube-scheduler assigns Pods to the highest-scoring feasible node.","scheduling-eviction__kube-scheduler.md",single
Q098,"How do owner references and garbage collection work together when an owner object is deleted?","Owner references identify dependent resources, allowing the garbage collector to remove them when the owner is deleted.","overview__working-with-objects__owners-dependents.md;architecture__garbage-collection.md",multi
Q099,"Which two mechanisms together ensure that a resource is not deleted until all cleanup has completed?","Finalizers delay deletion while garbage collection performs cleanup after dependencies have been handled.","overview__working-with-objects__finalizers.md;architecture__garbage-collection.md",multi
Q100,"How does Kubernetes keep workloads available after a scheduled Pod fails on a node?","Controllers create replacement Pods, the scheduler assigns them to suitable nodes, and the kubelet starts the containers.","architecture__self-healing.md;scheduling-eviction__kube-scheduler.md",multi