source_concept,target_concept,matched_phrase,match_type,verdict
component/kube_controller_manager.md,entity/endpointslice_controller.md,EndpointSlice controller,title,correct
definition/kubernetes_node_components_overview.md,definition/kubernetes_cluster_architecture.md,pods,alias,borderline
definition/kubernetes_addons_overview.md,resource/cluster_resources.md,resource,alias,spurious
definition/kubernetes_architecture_deployment_variations.md,definition/kubernetes_architecture.md,Kubernetes architecture,title,correct
definition/kubernetes_architecture_deployment_variations.md,policy/api_server_behavior_in_kubernetes.md,API server,alias,correct
procedure/node_controller_functions.md,policy/podgroup_ownership_and_lifecycle.md,lifecycle,alias,borderline
policy/route_controller_api_permissions.md,procedure/creation_ordering_of_objects.md,object creation,alias,spurious
policy/route_controller_api_permissions.md,entity/worker_node.md,Node,alias,correct
definition/cloudprovider_interface_for_ccm.md,pattern/kubernetes_controller_pattern.md,controllers,alias,correct
goal/kubernetes_network_hardening_goal.md,policy/garbage_collection_in_kubernetes.md,Kubernetes,alias,spurious
communication_pattern/node_to_control_plane_communication.md,policy/garbage_collection_in_kubernetes.md,Kubernetes,alias,spurious
communication_pattern/node_to_control_plane_communication.md,definition/api_group_resource_type_namespace_and_name.md,namespace,alias,borderline
communication_path/api_server_to_kubelet_communication.md,authentication/authentication_with_kubeconfig_file.md,authentication,alias,borderline
communication_service/konnectivity_service.md,entity/kubernetes_service.md,service,alias,spurious
definition/control_loop.md,metric/terminating_status_in_persistentvolumes.md,terminating,alias,spurious
design_principle/controller_design_principles.md,entity/deployment.md,Deployment,title,borderline
definition/kubernetes_garbage_collection_purpose.md,entity/cloud_controller_manager.md,cloud controller manager,title,borderline
definition/kubernetes_garbage_collection_purpose.md,entity/addon.md,addon,title,spurious
rule/owner_reference_namespace_rules.md,metric/invalid_owner_references.md,ownerReference,alias,correct
overview/kubernetes_cluster_administration_overview.md,definition/kubernetes_cluster_architecture.md,Kubernetes cluster,alias,correct
policy/kubernetes_api_access_control.md,policy/garbage_collection_in_kubernetes.md,Kubernetes,alias,spurious
guide/kubernetes_admission_control.md,authentication/authentication_with_kubeconfig_file.md,authentication,alias,borderline
definition/kubernetes_add_ons_overview.md,installation/installing_gateway_api_crds.md,installation,alias,spurious
list/kubernetes_networking_add_ons.md,pattern/kubernetes_controller_pattern.md,controller,alias,borderline
list/legacy_and_other_kubernetes_add_ons.md,definition/kubernetes_add_ons_overview.md,Add-ons,alias,correct
list/legacy_and_other_kubernetes_addons.md,definition/kubernetes_addons_overview.md,addons,alias,correct
overview/kubernetes_networking_problems.md,entity/kubernetes_service.md,Service,alias,borderline
design_principle/kubernetes_port_allocation_strategy.md,definition/kubernetes_architecture_deployment_variations.md,API servers,alias,borderline
feature/runtime_class_overview.md,entity/runtimeclass.md,RuntimeClass,title,correct
policy/kubernetes_cluster_networking_requirements.md,policy/garbage_collection_in_kubernetes.md,Kubernetes,alias,spurious
definition/loopback_interface.md,policy/garbage_collection_in_kubernetes.md,Kubernetes,alias,spurious
feature/support_for_traffic_shaping.md,implementation/pod_network_implementation_cni.md,CNI plugin,alias,correct
definition/kubernetes_definition.md,policy/garbage_collection_in_kubernetes.md,Kubernetes,alias,spurious
definition/service_discovery_in_kubernetes.md,policy/garbage_collection_in_kubernetes.md,Kubernetes,alias,spurious
entity/namespaces_in_kubernetes.md,policy/garbage_collection_in_kubernetes.md,Kubernetes,alias,spurious
definition/kubernetes_architecture.md,pattern/kubernetes_controller_pattern.md,controller,alias,borderline
entity/worker_node.md,entity/node.md,node,title,correct
entity/addon.md,definition/kubernetes_addons_overview.md,Container Resource Monitoring,alias,borderline
authentication/authentication_with_kubeconfig_file.md,policy/api_server_behavior_in_kubernetes.md,API server,alias,correct
plugins/extending_kubectl_with_plugins.md,definition/api_group_resource_type_namespace_and_name.md,name,alias,spurious
policy/finalizer_purpose.md,pattern/kubernetes_controller_pattern.md,controllers,alias,borderline
procedure/specifying_finalizers_in_a_manifest_file.md,resource/cluster_resources.md,resource,alias,borderline
definition/api_group_resource_type_namespace_and_name.md,policy/garbage_collection_in_kubernetes.md,Kubernetes,alias,spurious
metric/path_segment_name_requirements.md,resource/cluster_resources.md,resource,alias,spurious
metric/maximum_attempts_for_unique_name_generation.md,policy/garbage_collection_in_kubernetes.md,Kubernetes,alias,spurious
policy/owner_references_in_object_specifications.md,definition/kubernetes_owner_references.md,owner reference,alias,correct
procedure/using_finalizers_in_kubernetes.md,definition/kubernetes_cascading_deletion.md,cascading deletion,alias,correct
procedure/using_finalizers_in_kubernetes.md,resource/cluster_resources.md,resource,alias,borderline
procedure/deleting_resources_in_kubernetes.md,procedure/configuring_owner_relationships_manually.md,ownerReferences,alias,correct
definition/foreground_and_orphan_cascading_deletion.md,procedure/foreground_cascading_deletion_process.md,foreground deletion,alias,correct
definition/foreground_and_orphan_cascading_deletion.md,pattern/kubernetes_controller_pattern.md,controller,alias,borderline
feature/gang_scheduling_overview.md,definition/kubernetes_cluster_architecture.md,Pods,alias,borderline
metric/mincount_metric.md,metric/mincount.md,minCount,title,correct
resource/cluster_resources.md,metric/mincount.md,minCount,title,borderline
metric/node_scores.md,entity/node.md,Node,title,correct
procedure/scoring_step_in_kube_scheduler.md,concept/scheduling.md,Pod placement,alias,correct
policy/scheduling_policies_in_kube_scheduler.md,concept/scheduling.md,Scheduling,title,correct
entity/runtimeclass.md,policy/garbage_collection_in_kubernetes.md,Kubernetes,alias,spurious
procedure/snapshotting_cluster_state.md,definition/podgroup.md,PodGroup,title,correct
procedure/atomic_decision_making.md,decision/scheduling_decision.md,scheduling decision,title,correct
procedure/placement_scheduling_algorithm.md,procedure/understanding_the_gang_scheduling_algorithm.md,scheduling algorithm,alias,correct
procedure/preemption.md,condition/quorum_condition.md,condition,alias,spurious
entity/workload_api.md,definition/kubernetes_cluster_architecture.md,Kubernetes cluster,alias,borderline
metric/cluster_wide_domain.md,entity/worker_node.md,node,alias,borderline
definition/disruption_mode.md,entity/podgroup_priority_and_disruption.md,disruption mode,alias,correct
procedure/using_admission_controllers.md,guide/kubernetes_admission_control.md,Admission controllers,alias,correct
procedure/auditing_cluster_activities.md,policy/garbage_collection_in_kubernetes.md,Kubernetes,alias,spurious
procedure/access_control.md,authentication/authentication_with_kubeconfig_file.md,authentication,alias,correct
procedure/networking_security.md,api/networkpolicy.md,NetworkPolicy,title,correct
entity/kubernetes_api.md,procedure/cluster_security.md,cluster security,title,borderline
entity/container_runtime_1.md,definition/kubernetes_node_components_overview.md,container runtime,alias,correct
policy/dual_stack_networking_policy.md,definition/kubernetes_cluster_architecture.md,Kubernetes cluster,alias,borderline
procedure/create_dual_stack_services.md,procedure/configuring_load_balancing_and_services.md,Services,alias,correct
limitation/windows_support_limitation.md,procedure/configuring_load_balancing_and_services.md,services,alias,borderline
policy/endpoint_slice_creation_and_management.md,entity/kubernetes_service.md,service,alias,correct
procedure/workload_resource_management.md,pattern/kubernetes_controller_pattern.md,controllers,alias,borderline
procedure/job_and_cronjob_management.md,entity/job.md,Job,title,correct
policy/ttl_after_finished_controller_policy.md,entity/ttl_after_finished_controller.md,TTL-after-finished controller,title,correct
metric/ttl_seconds.md,entity/job.md,Job,title,borderline
procedure/detecting_job_status_changes.md,concept/owner_references_and_labels.md,labels,alias,borderline
procedure/creating_a_podgroup.md,definition/gang_scheduling_policy.md,gang scheduling policy,title,correct
entity/workload_api_1.md,entity/container_runtime_1.md,runtime,alias,borderline
procedure/understanding_how_pods_reference_their_podgroup.md,concept/workload_placement.md,scheduling policy,alias,borderline
procedure/understanding_how_pods_reference_their_podgroup.md,definition/kubernetes_cluster_architecture.md,Pods,alias,borderline
procedure/creation_ordering_of_objects.md,definition/podgroup.md,PodGroup,title,correct
procedure/creation_ordering_of_objects.md,definition/kubernetes_cluster_architecture.md,Pods,alias,borderline
policy/deletion_protection_of_podgroups.md,definition/kubernetes_cluster_architecture.md,Pods,alias,borderline
limitation/immutable_minimum_pod_count_for_gang_scheduling.md,definition/podgroup.md,PodGroup,title,correct
limitation/immutable_minimum_pod_count_for_gang_scheduling.md,definition/kubernetes_cluster_architecture.md,Pods,alias,borderline
policy/priority_classes.md,metric/priority_value.md,integer priority,alias,correct
procedure/specify_pod_runtime_using_a_runtime_class.md,entity/runtimeclass.md,RuntimeClass,title,correct
procedure/creating_a_workload.md,definition/api_group_resource_type_namespace_and_name.md,API group,alias,correct
entity/podgrouptemplate.md,concept/workload_placement.md,scheduling policy,alias,borderline
procedure/using_gang_scheduling_with_jobs.md,definition/podgroup.md,PodGroup,title,correct
procedure/disrupting_a_pod_in_pod_mode.md,definition/disruption_mode.md,mode,alias,borderline
procedure/using_the_default_priority_class.md,entity/priorityclass.md,PriorityClass,title,correct
metric/priority_zero.md,entity/priorityclass.md,PriorityClass,title,correct
field/mincount_field.md,definition/kubernetes_cluster_architecture.md,Pods,alias,borderline
procedure/defining_topology_constraints.md,entity/topology_constraint.md,topology constraint,title,correct
procedure/defining_topology_constraints.md,entity/node.md,node,title,correct