arm,ablation,link_mode,qid,question,gold_answer,hop_type,gold_concepts,answer,retrieved_ids,n_units,n_seed,n_expanded,expansion_status,context_tokens,retrieve_s,generate_s,abstained,em,f1,retrieval_recall,citation_valid,judge_label,hallucination,human_label,human_notes
chunk,full,alias,Q001,What are the two major parts of a Kubernetes cluster?,A Kubernetes cluster consists of a control plane and one or more worker nodes.,single,architecture.md,"The two major parts of a Kubernetes cluster are the control plane and the worker nodes.  
SOURCES: [overview__components.md#chunk0]",overview__components.md#chunk0|architecture__controller.md#chunk2|architecture.md#chunk3|overview.md#chunk4,4,4,0,not_applicable,1469,0.1475,73.935,0,0,0.6666666666666666,1.0,1.0,supported,0,,
chunk,full,alias,Q004,What is the primary responsibility of the kube-scheduler?,The kube-scheduler assigns unscheduled Pods to suitable Nodes.,single,scheduling-eviction__kube-scheduler.md,"The kube‑scheduler’s primary responsibility is to select the best node on which to run newly created or unscheduled Pods, ensuring they meet resource and policy constraints. It does this by first filtering feasible nodes and then scoring them to choose the highest‑ranked node.  
SOURCES: chunk0,chunk1",scheduling-eviction__kube-scheduler.md#chunk0|scheduling-eviction__kube-scheduler.md#chunk1|scheduling-eviction__podgroup-scheduling.md#chunk0,3,3,0,not_applicable,1745,0.01,8.7145,0,0,0.1702127659574468,1.0,1.0,supported,0,,
chunk,full,alias,Q005,Which component ensures that Pods are running on every node?,The kubelet ensures that Pods and their containers are running on each node.,single,overview__components.md,"The kubelet component ensures that Pods are running on every node.  

SOURCES: [overview__components.md#chunk0]",workloads__pods__advanced-pod-config.md#chunk2|overview__components.md#chunk0|workloads.md#chunk0,3,3,0,not_applicable,1635,0.0082,4.9449,0,0,0.7272727272727272,1.0,1.0,supported,0,,
okf,full,alias,Q001,What are the two major parts of a Kubernetes cluster?,A Kubernetes cluster consists of a control plane and one or more worker nodes.,single,architecture.md,"A Kubernetes cluster is composed of a control plane and a set of worker nodes that run the workloads.  
SOURCES: [concept: /definition/kubernetes_cluster_architecture.md]",entity/kubernetes_components.md|definition/kubernetes_architecture.md|definition/kubernetes_cluster_architecture.md|guide/managing_kubernetes_clusters.md|guide/planning_kubernetes_clusters.md|entity/node.md|resource/cluster_resources.md|policy/garbage_collection_in_kubernetes.md|definition/kubernetes_distros.md,9,5,4,expanded,1244,0.0068,9.6881,0,0,0.5925925925925926,1.0,1.0,supported,0,,
okf,full,alias,Q004,What is the primary responsibility of the kube-scheduler?,The kube-scheduler assigns unscheduled Pods to suitable Nodes.,single,scheduling-eviction__kube-scheduler.md,"The kube-scheduler’s primary responsibility is to select the optimal node on which to run newly created or unscheduled pods.  
SOURCES: [/procedure/kube_scheduler_selection_process.md]",procedure/binding_in_kube_scheduler.md|policy/scheduling_policies_in_kube_scheduler.md|procedure/kube_scheduler_selection_process.md|policy/scheduling_profiles_in_kube_scheduler.md|procedure/filtering_step_in_kube_scheduler.md|policy/kubernetes_scheduling_overview.md|entity/node.md|definition/kubernetes_cluster_architecture.md|concept/pod_definition.md,9,5,4,expanded,907,0.0082,15.4124,0,0,0.25,1.0,1.0,supported,0,,
okf,full,alias,Q005,Which component ensures that Pods are running on every node?,The kubelet ensures that Pods and their containers are running on each node.,single,overview__components.md,"DaemonSet is the component that ensures Pods are running on every node.

SOURCES: [/entity/daemonset.md]",entity/worker_node.md|definition/kubernetes_node_components_overview.md|entity/daemonset.md|component/pod_network_cluster_network.md|procedure/workload_resource_management.md|entity/workload.md|definition/kubernetes_cluster_architecture.md|pattern/kubernetes_controller_pattern.md|entity/node.md,9,5,4,expanded,1197,0.0079,27.1266,0,0,0.6086956521739131,1.0,1.0,unsupported,1,,
