arm,ablation,qid,question,gold_answer,answer,judge_label,human_label,human_notes
okf,full,Q004,Who is responsible for approving a change of specialisation in the final year?,The Head of Department and the Dean of Academics jointly,The Head of Department and the Dean of Academics must both give joint approval for a final‑year change of specialisation. SOURCES: [/procedures/change_of_specialisation_application.md],not_judged,,
chunk,full,Q002,A student with 68 percent attendance wants to appear for exams. What must they obtain and from whom?,A medical exemption certificate approved by the Dean of Academics,"The student must obtain a medical exemption for the attendance shortfall, which requires a certificate from a registered medical practitioner (holding an MBBS degree or higher) and final approval by the Dean of Academics. SOURCES: [academic_regulations.md#chunk0], [student_procedures.md#chunk0]",not_judged,,
okf,full,Q001,What is the minimum attendance percentage required to sit for end-semester examinations?,75 percent,"The minimum attendance required to be eligible to sit for the end‑semester examination is **75 percent**.  
SOURCES: [/policies/minimum_attendance_requirement.md]",not_judged,,
chunk,full,Q001,What is the minimum attendance percentage required to sit for end-semester examinations?,75 percent,"The minimum attendance required to sit for end‑semester examinations is 75 percent.  
SOURCES: [academic_regulations.md#chunk0]",not_judged,,
okf,full,Q003,What is the late fee for registration submitted after the deadline?,500 rupees per day capped at 5000 rupees,"The late fee is 500 rupees for each day registration is submitted after the deadline, with the total charge capped at 5,000 rupees.  
SOURCES: [/fees/late_registration_fee_structure.md]",not_judged,,
chunk,full,Q003,What is the late fee for registration submitted after the deadline?,500 rupees per day capped at 5000 rupees,"The late fee is 500 rupees for each day registration is submitted after the deadline, with the total charge capped at a maximum of 5,000 rupees.  
SOURCES: [academic_regulations.md#chunk0]",not_judged,,
okf,full,Q005,What is the passing threshold for a laboratory course?,40 percent in the practical component and 40 percent overall,"A laboratory course is passed only if the student scores **at least 40 % in the practical component and at least 40 % overall**; failing the practical alone causes failure of the whole course.  
SOURCES: [/criteria/laboratory_course_passing_requirements.md]",not_judged,,
chunk,full,Q005,What is the passing threshold for a laboratory course?,40 percent in the practical component and 40 percent overall,"A laboratory course is passed only if the student scores at least 40 percent in the practical component **and** at least 40 percent overall.  
SOURCES: academic_regulations.md#chunk0",not_judged,,
chunk,full,Q004,Who is responsible for approving a change of specialisation in the final year?,The Head of Department and the Dean of Academics jointly,The change must be jointly approved by the Head of Department and the Dean of Academics. SOURCES: [student_procedures.md#chunk0],not_judged,,
okf,full,Q002,A student with 68 percent attendance wants to appear for exams. What must they obtain and from whom?,A medical exemption certificate approved by the Dean of Academics,"The student must obtain a medical exemption by submitting Form MX‑2 together with a certificate issued by a registered medical practitioner who holds an MBBS degree or higher. SOURCES: [/procedures/medical_exemption_for_attendance.md], [/procedures/medical_exemption_submission.md]",not_judged,,
