arm,ablation,qid,question,gold_answer,hop_type,gold_concepts,answer,retrieved_ids,n_units,n_seed,n_expanded,context_tokens,retrieve_s,generate_s,abstained,em,f1,retrieval_recall,citation_valid,judge_label,hallucination,human_label,human_notes
chunk,full,Q001,What is the minimum attendance percentage required to sit for end-semester examinations?,75 percent,single,policies/attendance_requirement.md,"The minimum attendance required to sit for end‑semester examinations is 75 percent.  
SOURCES: [academic_regulations.md#chunk0]",academic_regulations.md#chunk0|student_procedures.md#chunk0,2,2,0,766,0.0143,0.9674,0,0,0.3076923076923077,0.0,1.0,not_judged,0,,
chunk,full,Q002,A student with 68 percent attendance wants to appear for exams. What must they obtain and from whom?,A medical exemption certificate approved by the Dean of Academics,multi,policies/attendance_requirement.md;procedures/medical_exemption_process.md,"The student must obtain a medical exemption for the attendance shortfall, which requires a certificate from a registered medical practitioner (holding an MBBS degree or higher) and final approval by the Dean of Academics. SOURCES: [academic_regulations.md#chunk0], [student_procedures.md#chunk0]",academic_regulations.md#chunk0|student_procedures.md#chunk0,2,2,0,766,0.0158,1.0706,0,0,0.39999999999999997,0.0,1.0,not_judged,0,,
chunk,full,Q003,What is the late fee for registration submitted after the deadline?,500 rupees per day capped at 5000 rupees,single,policies/late_registration_fee.md,"The late fee is 500 rupees for each day registration is submitted after the deadline, with the total charge capped at a maximum of 5,000 rupees.  
SOURCES: [academic_regulations.md#chunk0]",academic_regulations.md#chunk0|student_procedures.md#chunk0,2,2,0,766,0.015,0.9481,0,0,0.4666666666666667,0.0,1.0,not_judged,0,,
chunk,full,Q004,Who is responsible for approving a change of specialisation in the final year?,The Head of Department and the Dean of Academics jointly,multi,procedures/specialisation_change.md;entitys/dean_of_academics.md,The change must be jointly approved by the Head of Department and the Dean of Academics. SOURCES: [student_procedures.md#chunk0],student_procedures.md#chunk0|academic_regulations.md#chunk0,2,2,0,766,0.0142,0.7971,0,0,0.761904761904762,0.0,1.0,not_judged,0,,
chunk,full,Q005,What is the passing threshold for a laboratory course?,40 percent in the practical component and 40 percent overall,single,policies/lab_passing_criteria.md,"A laboratory course is passed only if the student scores at least 40 percent in the practical component **and** at least 40 percent overall.  
SOURCES: academic_regulations.md#chunk0",academic_regulations.md#chunk0|student_procedures.md#chunk0,2,2,0,766,0.0148,0.7245,0,0,0.6,0.0,1.0,not_judged,0,,
okf,full,Q001,What is the minimum attendance percentage required to sit for end-semester examinations?,75 percent,single,policies/attendance_requirement.md,"The minimum attendance required to be eligible to sit for the end‑semester examination is **75 percent**.  
SOURCES: [/policies/minimum_attendance_requirement.md]",policies/minimum_attendance_requirement.md|criteria/laboratory_course_passing_requirements.md|consequences/consequence_of_low_attendance.md|procedures/medical_exemption_for_attendance.md|criteria/theory_course_passing_threshold.md,5,5,0,345,0.0153,0.8506,0,0,0.25,0.0,1.0,not_judged,0,,
okf,full,Q002,A student with 68 percent attendance wants to appear for exams. What must they obtain and from whom?,A medical exemption certificate approved by the Dean of Academics,multi,policies/attendance_requirement.md;procedures/medical_exemption_process.md,"The student must obtain a medical exemption by submitting Form MX‑2 together with a certificate issued by a registered medical practitioner who holds an MBBS degree or higher. SOURCES: [/procedures/medical_exemption_for_attendance.md], [/procedures/medical_exemption_submission.md]",policies/minimum_attendance_requirement.md|procedures/medical_exemption_for_attendance.md|consequences/consequence_of_low_attendance.md|procedures/medical_exemption_submission.md|procedures/attendance_computation_method.md,5,5,0,320,0.0157,0.9665,0,0,0.25806451612903225,0.0,1.0,not_judged,0,,
okf,full,Q003,What is the late fee for registration submitted after the deadline?,500 rupees per day capped at 5000 rupees,single,policies/late_registration_fee.md,"The late fee is 500 rupees for each day registration is submitted after the deadline, with the total charge capped at 5,000 rupees.  
SOURCES: [/fees/late_registration_fee_structure.md]",fees/late_registration_fee_structure.md|timelines/medical_exemption_submission_deadline.md|definitions/withdrawal_due_to_nonregistration.md|policies/minimum_attendance_requirement.md|timelines/course_registration_opening_and_closing.md,5,5,0,305,0.0151,0.7235,0,0,0.4999999999999999,0.0,1.0,not_judged,0,,
okf,full,Q004,Who is responsible for approving a change of specialisation in the final year?,The Head of Department and the Dean of Academics jointly,multi,procedures/specialisation_change.md;entitys/dean_of_academics.md,The Head of Department and the Dean of Academics must both give joint approval for a final‑year change of specialisation. SOURCES: [/procedures/change_of_specialisation_application.md],procedures/change_of_specialisation_application.md|eligibilities/specialisation_change_eligibility.md|procedures/medical_exemption_review_and_approval.md|policies/attendance_impact_of_approved_exemption.md|governances/grievance_committee_composition.md,5,5,0,379,0.016,0.8109,0,0,0.56,0.0,1.0,not_judged,0,,
okf,full,Q005,What is the passing threshold for a laboratory course?,40 percent in the practical component and 40 percent overall,single,policies/lab_passing_criteria.md,"A laboratory course is passed only if the student scores **at least 40 % in the practical component and at least 40 % overall**; failing the practical alone causes failure of the whole course.  
SOURCES: [/criteria/laboratory_course_passing_requirements.md]",criteria/laboratory_course_passing_requirements.md|criteria/theory_course_passing_threshold.md|policies/minimum_attendance_requirement.md|consequences/consequence_of_low_attendance.md|procedures/medical_exemption_for_attendance.md,5,5,0,345,0.0142,0.8572,0,0,0.3888888888888889,0.0,1.0,not_judged,0,,
